policy,seed,disturbance_sigma,mean_throughput,mean_outage,served_demand_fraction,mean_satisfaction,p05_satisfaction,mean_shortfall_fraction,p05_throughput,median_throughput,mean_jain,mean_latency_proxy,mean_load_cv,mean_handover_rate,total_handovers,pingpong_events,mean_shield_mode,mean_shock_index,mean_reward,mean_regime_switches,mean_mode_darc,mean_mode_robust,mean_mode_shield
darc,11,2.1,4.938888888888889,0.4344907407407407,0.8144150665641061,0.8415325112517463,0.5018971515345491,0.1584674887482536,2.239728249232613,4.137604233612823,0.6740402414703818,2.8608047770086507,0.790753156030162,0.0275462962962962,119,0,0.0,5.040135651957978,1.4196133439525551,0.0,1.0,0.0,0.0
darc_no_obs,11,2.1,4.738888888888889,0.4768518518518518,0.7818041838366162,0.8132698652580999,0.4445799589880214,0.1867301347419002,2.0381611637292263,3.827218249092862,0.6606541749987141,3.14136247914561,0.8633618682805431,0.05,216,2,0.0,5.040135651957978,1.3422944083506425,0.0,0.0,0.0,0.0
hysteresis,11,2.1,4.277777777777778,0.5604166666666667,0.7272673651912156,0.758323726692167,0.4125875477468396,0.2416762733078331,1.838026885145263,3.2487613519776866,0.6101098502131702,3.709532035298477,1.0348291317810825,0.1131944444444444,489,26,0.0,5.040135651957978,1.136677756938195,0.0,0.0,0.0,0.0
load_aware,11,2.1,5.2,0.3703703703703703,0.8709427342747762,0.8972233742672345,0.6143969612675905,0.1027766257327654,2.828770368051952,4.3730620190880725,0.7428322264261106,2.295024427572047,0.6304152289465642,0.2180555555555555,942,295,0.0,5.040135651957978,1.512810480547651,0.0,0.0,0.0,0.0
q_learning,11,2.1,4.816666666666666,0.6087962962962963,0.7098799641427976,0.7287228565249884,0.3398284809357211,0.2712771434750117,1.2477066255153109,2.965004387213158,0.4505839590145785,3.946292217898739,1.0347667601315276,0.4604166666666666,1989,780,0.0,5.040135651957978,1.1905356766182915,0.0,0.0,0.0,0.0
regime_orchestrator,11,2.1,4.927777777777778,0.4277777777777777,0.8153231217700665,0.8430807316006186,0.4954514515965681,0.1569192683993815,2.2044809155369225,4.19983761216697,0.6778026359959901,2.848358491712054,0.7906724593560013,0.0273148148148148,118,0,0.8666666666666667,5.040135651957978,1.419805345328386,0.0555555555555555,0.0333333333333333,0.1,0.8666666666666667
robust_darc,11,2.1,4.944444444444445,0.43125,0.8165951810424813,0.8429410684796693,0.5077607391290183,0.1570589315203307,2.2261580705839394,4.150024783361896,0.6698054416357315,2.849161784530601,0.7902537764906075,0.0275462962962962,119,0,0.0,5.040135651957978,1.419726188496457,0.0,0.0,1.0,0.0
rssi,11,2.1,4.177777777777778,0.5715277777777777,0.7136420333208706,0.7450983828651914,0.4021355035633469,0.2549016171348087,1.783370374623543,3.1468711259213555,0.6033225408319264,3.839676860262189,1.0672852309116274,0.1879629629629629,812,200,0.0,5.040135651957978,1.100534144776567,0.0,0.0,0.0,0.0
shield_darc,11,2.1,4.927777777777778,0.4300925925925925,0.8136352047219434,0.842027886812119,0.4891042130971837,0.1579721131878809,2.1895607192997955,4.192095794061024,0.6749560979220143,2.859707543261264,0.7945741836776206,0.0273148148148148,118,0,0.9833333333333332,5.040135651957978,1.4196130394864872,0.0,0.0,0.0,1.0
stable_global,11,2.1,6.0,0.18217592592592596,0.9362737223644403,0.9448317150377992,0.6577234353310256,0.055168284962200935,2.6462681377985757,5.980037777563341,0.8591946176484487,1.4413462796976073,0.0,0.0009259259259259259,4,0,0.0,5.040135651957978,1.7693077726385364,0.0,0.0,0.0,0.0
ttt_handover,11,2.1,4.5777777777777775,0.5231481481481481,0.7649230273706258,0.7933470912220754,0.4435422455190244,0.2066529087779246,1.908440978745032,3.4789260567541054,0.6163980545121975,3.354543410671177,0.9350935205970404,0.0511574074074074,221,0,0.0,5.040135651957978,1.2428524123325464,0.0,0.0,0.0,0.0
