policy,served_demand_fraction,mean_outage,mean_jain,mean_handover_rate
darc,0.8144150665641061,0.4344907407407407,0.6740402414703818,0.0275462962962962
darc_no_obs,0.7818041838366162,0.4768518518518518,0.6606541749987141,0.05
hysteresis,0.7272673651912156,0.5604166666666667,0.6101098502131702,0.1131944444444444
load_aware,0.8709427342747762,0.3703703703703703,0.7428322264261106,0.2180555555555555
q_learning,0.7098799641427976,0.6087962962962963,0.4505839590145785,0.4604166666666666
regime_orchestrator,0.8153231217700665,0.4277777777777777,0.6778026359959901,0.0273148148148148
robust_darc,0.8165951810424813,0.43125,0.6698054416357315,0.0275462962962962
rssi,0.7136420333208706,0.5715277777777777,0.6033225408319264,0.1879629629629629
shield_darc,0.8136352047219434,0.4300925925925925,0.6749560979220143,0.0273148148148148
stable_global,0.9362737223644404,0.1821759259259259,0.8591946176484487,0.0009259259259259
ttt_handover,0.7649230273706258,0.5231481481481481,0.6163980545121975,0.0511574074074074
