prediction_horizon,policy,seed,disturbance_sigma,mean_throughput,mean_outage,served_demand_fraction,mean_satisfaction,p05_satisfaction,mean_shortfall_fraction,p05_throughput,median_throughput,mean_jain,mean_latency_proxy,mean_load_cv,mean_handover_rate,total_handovers,pingpong_events,mean_shield_mode,mean_shock_index,mean_reward,mean_regime_switches,mean_mode_darc,mean_mode_robust,mean_mode_shield
1,darc,3,2.1,5.241666666666666,0.3708333333333334,0.8901722713024687,0.9077240295312023,0.6308719514282082,0.09227597046879753,2.3724717015840127,3.9990987231401998,0.6775457970813946,2.246508886959241,0.6777348309451481,0.03784722222222222,109,0,0.0,4.260197801161898,1.5805649229948198,0.0,1.0,0.0,0.0
1,darc,13,2.1,4.391666666666667,0.559375,0.7328116393912082,0.7590941460731881,0.38906431385323054,0.24090585392681205,1.7387787972133204,3.329892400499628,0.6221278932500252,3.6360298783154414,0.9450440625345934,0.059375,171,0,0.0,4.962298022481247,1.1374221550402561,0.0,1.0,0.0,0.0
3,darc,3,2.1,5.491666666666666,0.3260416666666667,0.9068826980379386,0.9220310683671705,0.6531476507581455,0.07796893163282959,2.4951391370631417,4.271302056047796,0.6947757383335703,2.0844911082575526,0.6143195402598882,0.030555555555555555,88,0,0.0,4.260197801161898,1.691653856527167,0.0,1.0,0.0,0.0
3,darc,13,2.1,4.975,0.4409722222222222,0.8255875994815592,0.8480456619985829,0.48283400324888237,0.15195433800141714,2.1973240336130573,4.029895646645945,0.718759939549497,2.7556889723399465,0.7200723577714789,0.041666666666666664,120,0,0.0,4.962298022481247,1.3589209963788311,0.0,1.0,0.0,0.0
6,darc,3,2.1,5.841666666666667,0.2628472222222222,0.939596099308419,0.9504791027478625,0.7580761736779668,0.049520897252137486,2.999226083676177,4.565522413101564,0.7073035231672703,1.775774910799639,0.5061436437100523,0.022916666666666665,66,0,0.0,4.260197801161898,1.8213686130519586,0.0,1.0,0.0,0.0
6,darc,13,2.1,5.683333333333334,0.34791666666666665,0.898411962793332,0.9175249384300694,0.6372036940651867,0.08247506156993048,3.01422274115892,4.406363191838134,0.6706392307747417,2.065925622468679,0.5415001732123135,0.025,72,0,0.0,4.962298022481247,1.6146685992669418,0.0,1.0,0.0,0.0
9,darc,3,2.1,5.933333333333334,0.19097222222222224,0.963851853029814,0.9715878839423316,0.8392538873247805,0.028412116057668475,3.452978236447821,5.148264135958296,0.8173359362247309,1.529591552584194,0.4030594988304616,0.015277777777777776,44,0,0.0,4.260197801161898,1.8785243515030834,0.0,1.0,0.0,0.0
9,darc,13,2.1,5.875,0.2815972222222222,0.9288989925576594,0.9414649436367983,0.7373915802663968,0.058535056363201714,3.283409773143786,4.717174284189136,0.7421907312711674,1.8075540553125657,0.4523648058759362,0.01944444444444444,56,0,0.0,4.962298022481247,1.6549209338307405,0.0,1.0,0.0,0.0
12,darc,3,2.1,6.0,0.1652777777777778,0.9708826714679439,0.9775398456327199,0.8666787748751507,0.02246015436728009,3.5641078426017896,5.180886545169511,0.8361153927676436,1.4575039071260947,0.370430229583805,0.01423611111111111,41,0,0.0,4.260197801161898,1.8815178947605284,0.0,1.0,0.0,0.0
12,darc,13,2.1,6.0,0.2552083333333333,0.9300824785919062,0.9449128578297461,0.7416323674718251,0.05508714217025384,3.3845566254397252,4.735169448252672,0.7381842121289452,1.762599711579824,0.429203432290391,0.012847222222222222,37,0,0.0,4.962298022481247,1.6749564732993572,0.0,1.0,0.0,0.0
