sigma,max_speed,policy,seed,disturbance_sigma,mean_throughput,mean_outage,served_demand_fraction,mean_satisfaction,p05_satisfaction,mean_shortfall_fraction,p05_throughput,median_throughput,mean_jain,mean_latency_proxy,mean_load_cv,mean_handover_rate,total_handovers,pingpong_events,mean_shield_mode,mean_shock_index,mean_reward,mean_regime_switches,mean_mode_darc,mean_mode_robust,mean_mode_shield
0.8,1.2,darc,3,0.8,6.0,0.1643518518518518,0.965848368313641,0.9733638462533398,0.8362775161261572,0.02663615374666,3.3405036620724515,5.383537087143086,0.7950161647626475,1.5141574385229442,0.4014242780662188,0.0157407407407407,34,0,0.0,2.056430627459248,2.0190972178391275,0.0,1.0,0.0,0.0
0.8,1.2,darc,13,0.8,6.0,0.2777777777777778,0.9108761250727336,0.9303462635832288,0.6331686021876184,0.0696537364167713,2.8403160039947384,4.633466311431501,0.6525888822055116,1.9614743974398816,0.5389926748076141,0.0162037037037037,35,0,0.0,2.6729890944074475,1.8328043525111548,0.0,1.0,0.0,0.0
0.8,1.2,load_aware,3,0.8,5.977777777777778,0.0935185185185185,0.9820617052319034,0.9870915055854644,0.9152200605601792,0.0129084944145354,3.8111736454787786,5.634790229576038,0.908593811353772,1.3151317679265573,0.2824850834803646,0.1412037037037037,305,91,0.0,2.056430627459248,2.030037296556323,0.0,0.0,0.0,0.0
0.8,1.2,load_aware,13,0.8,5.955555555555556,0.1236111111111111,0.9709602326962632,0.9791135930115572,0.8612467827786545,0.0208864069884426,3.9114494533301567,5.42499563554398,0.8518353250230359,1.4032652669440484,0.3148986813820095,0.1166666666666666,252,60,0.0,2.6729890944074475,1.7857893008547534,0.0,0.0,0.0,0.0
0.8,1.2,regime_orchestrator,3,0.8,6.0,0.1601851851851851,0.9660352440918824,0.9735274901912024,0.8372560461206433,0.0264725098087972,3.3405703379707075,5.434108340289519,0.7976474963434849,1.5103218938108625,0.3980557537873125,0.0157407407407407,34,0,0.1222222222222222,2.056430627459248,2.0196634179266586,0.4111111111111111,0.1888888888888888,0.6888888888888889,0.1222222222222222
0.8,1.2,regime_orchestrator,13,0.8,6.0,0.3305555555555555,0.8851441631279754,0.9108375693431038,0.5638327326066204,0.0891624306568961,2.551246987196363,4.223758732941063,0.6153009358036217,2.17841462002073,0.6201535663540808,0.0162037037037037,35,0,0.4777777777777778,2.6729890944074475,1.81547096576632,0.0777777777777777,0.0,0.5222222222222223,0.4777777777777778
0.8,1.2,robust_darc,3,0.8,6.0,0.1629629629629629,0.9659656785566332,0.9734825439042274,0.8372560461206433,0.0265174560957724,3.3405703379707075,5.403257764755868,0.7953221733417227,1.5128596908772818,0.4009600561481365,0.0157407407407407,34,0,0.0,2.056430627459248,2.019612882076793,0.0,0.0,1.0,0.0
0.8,1.2,robust_darc,13,0.8,6.0,0.3087962962962963,0.8981729053799512,0.9203945889411246,0.5845561262362076,0.0796054110588755,2.6551654132112152,4.309002400499477,0.623391640985889,2.0857630863058048,0.5985597304464011,0.0166666666666666,36,0,0.0,2.6729890944074475,1.821682044473312,0.0,0.0,1.0,0.0
0.8,1.2,shield_darc,3,0.8,6.0,0.1611111111111111,0.9672492240542332,0.9744993465169338,0.8452734557552063,0.0255006534830661,3.378345856811263,5.376382409980274,0.780342384046551,1.5077764452622835,0.405028289863673,0.0157407407407407,34,0,0.8333333333333334,2.056430627459248,2.0196759029149174,0.0,0.0,0.0,1.0
0.8,1.2,shield_darc,13,0.8,6.0,0.3291666666666666,0.8852580310347824,0.9110156054865124,0.5643992846241849,0.0889843945134878,2.558280822412531,4.223702208996771,0.6164820260774845,2.1765662179135097,0.6195880824074765,0.0162037037037037,35,0,0.9444444444444444,2.6729890944074475,1.814759245497637,0.0,0.0,0.0,1.0
0.8,1.2,stable_global,3,0.8,6.0,0.06759259259259259,0.986518404492226,0.989791893609027,0.9426322590856324,0.010208106390973028,3.550304514061343,5.656797786439245,0.9101670312170566,1.0816648511277842,0.0,0.0018518518518518517,4,0,0.0,2.056430627459248,2.0124469453047724,0.0,0.0,0.0,0.0
0.8,1.2,stable_global,13,0.8,6.0,0.19629629629629627,0.9382704015052796,0.9519310427543458,0.7052667825937575,0.04806895724565414,3.1354179534623055,5.831998245509592,0.8977433689081272,1.384551657965233,0.0,0.002777777777777778,6,0,0.0,2.6729890944074475,1.8288961463334108,0.0,0.0,0.0,0.0
0.8,2.3,darc,3,0.8,6.0,0.1314814814814814,0.974652273437672,0.9814676843189292,0.8906379642814954,0.0185323156810706,3.6299141284994176,5.638011528581069,0.8480822065803102,1.403345640745481,0.3401161537292204,0.0171296296296296,37,0,0.0,2.056430627459248,2.037633939920325,0.0,1.0,0.0,0.0
0.8,2.3,darc,13,0.8,6.0,0.2319444444444444,0.930671360996001,0.9468444135242142,0.6821756513134108,0.0531555864757858,3.058258777969337,4.6924642965388,0.6853630648355457,1.7911223256281548,0.4878368450958234,0.0166666666666666,36,0,0.0,2.6729890944074475,1.8128955051612576,0.0,1.0,0.0,0.0
0.8,2.3,load_aware,3,0.8,5.988888888888889,0.0944444444444444,0.9828801732665284,0.9875388881955892,0.9242784707536332,0.0124611118044105,3.851229978796731,5.646677049835942,0.9015946281992108,1.3178424087221223,0.2908713523824503,0.1523148148148148,329,98,0.0,2.056430627459248,2.0470279407753407,0.0,0.0,0.0,0.0
0.8,2.3,load_aware,13,0.8,5.966666666666667,0.1615740740740741,0.9668014998568848,0.9755308879761024,0.8703932319575135,0.0244691120238976,3.895652974999296,5.295421558694104,0.8431964910013153,1.4409827308952858,0.326973112938806,0.0967592592592592,209,52,0.0,2.6729890944074475,1.7925863067677197,0.0,0.0,0.0,0.0
0.8,2.3,regime_orchestrator,3,0.8,6.0,0.1254629629629629,0.9754774288235086,0.9821251063524746,0.8937233830993048,0.0178748936475253,3.640273653194567,5.542916771933997,0.8480708563505567,1.3988529692481408,0.3411384267572503,0.0175925925925925,38,0,0.1222222222222222,2.056430627459248,2.04627393833709,0.0888888888888888,0.4333333333333333,0.4444444444444444,0.1222222222222222
0.8,2.3,regime_orchestrator,13,0.8,5.777777777777778,0.275,0.9262143161130206,0.942688242919037,0.6878222847038649,0.057311757080963,3.175441920172344,4.432593816923286,0.7123583542398991,1.8519928926512208,0.5246651146713562,0.0162037037037037,35,0,0.4777777777777778,2.6729890944074475,1.7525795841819654,0.2777777777777778,0.1,0.4222222222222222,0.4777777777777778
0.8,2.3,robust_darc,3,0.8,6.0,0.124537037037037,0.973645872355377,0.9808069091384848,0.8883859561177471,0.019193090861515,3.570021938435884,5.608483826846347,0.8471371718580016,1.4137323067337384,0.3469167731221568,0.0199074074074074,43,0,0.0,2.056430627459248,2.04475459228575,0.0,0.0,1.0,0.0
0.8,2.3,robust_darc,13,0.8,5.777777777777778,0.2805555555555555,0.9015832270091896,0.9243085247799316,0.5962950750202967,0.0756914752200683,2.796670814434595,4.544843886749287,0.6909322026986185,2.0331508608819013,0.5701587454951402,0.0185185185185185,40,0,0.0,2.6729890944074475,1.7388036279159869,0.0,0.0,1.0,0.0
0.8,2.3,shield_darc,3,0.8,6.0,0.1259259259259259,0.9751031413955898,0.981879576638804,0.8903427864644168,0.018120423361196,3.6174649978058335,5.662265501060732,0.853744999322354,1.3986978199595372,0.3383125774266249,0.0180555555555555,39,0,0.8333333333333334,2.056430627459248,2.0377267956530254,0.0,0.0,0.0,1.0
0.8,2.3,shield_darc,13,0.8,6.0,0.2546296296296296,0.9275458974850176,0.943790953219695,0.7032638088522507,0.0562090467803049,3.237998995692334,4.4129835025603645,0.6856964130342919,1.828475979552567,0.5050714737468355,0.0166666666666666,36,0,0.9444444444444444,2.6729890944074475,1.8050125876969232,0.0,0.0,0.0,1.0
0.8,2.3,stable_global,3,0.8,6.0,0.09444444444444443,0.9805963430985912,0.9855726372170489,0.9242438740747374,0.014427362782951094,3.4260014683589954,5.355823768666383,0.8819938044412107,1.115418902263609,0.0,0.0018518518518518517,4,0,0.0,2.056430627459248,1.9802716981894233,0.0,0.0,0.0,0.0
0.8,2.3,stable_global,13,0.8,6.0,0.21620370370370373,0.9310587458367583,0.9454575704300123,0.6714924046909024,0.054542429569987505,3.041272786711328,5.730392820567859,0.882567619033066,1.4363394365599003,0.0,0.002777777777777778,6,0,0.0,2.6729890944074475,1.8322854741920347,0.0,0.0,0.0,0.0
0.8,2.8,darc,3,0.8,6.0,0.1629629629629629,0.9662294794658368,0.9744941788674072,0.8621662400268346,0.0255058211325926,3.4848021306831867,5.512855831160795,0.8377978440445715,1.4847252216210067,0.3742382034136873,0.0185185185185185,40,0,0.0,2.056430627459248,2.0388765195340257,0.0,1.0,0.0,0.0
0.8,2.8,darc,13,0.8,5.966666666666667,0.2152777777777778,0.933077177603292,0.949969309153155,0.7152877948982982,0.050030690846845,3.2278690771175933,4.716069101430242,0.714478676865052,1.753353614155306,0.4708107831740605,0.0180555555555555,39,0,0.0,2.6729890944074475,1.7817333531593869,0.0,1.0,0.0,0.0
0.8,2.8,load_aware,3,0.8,6.0,0.0939814814814814,0.9837768709212382,0.9882613571705612,0.9333755519473144,0.0117386428294389,3.912861720681452,5.682974044181054,0.8963086906071855,1.310934432610998,0.289367053300648,0.1374999999999999,297,73,0.0,2.056430627459248,2.0467730468541467,0.0,0.0,0.0,0.0
0.8,2.8,load_aware,13,0.8,5.966666666666667,0.1550925925925926,0.964688154749285,0.97327896649323,0.8557316984379285,0.0267210335067699,3.8896034064019527,5.298968860244964,0.8323983767632736,1.4701660394292924,0.3418636951668438,0.1004629629629629,217,51,0.0,2.6729890944074475,1.7933408035274554,0.0,0.0,0.0,0.0
0.8,2.8,regime_orchestrator,3,0.8,6.0,0.1583333333333333,0.9671100075042643,0.9750710253131566,0.8694155433985773,0.0249289746868434,3.4891432916322844,5.543624925482934,0.839126663218867,1.4803990300752667,0.3746229767740259,0.0185185185185185,40,0,0.1222222222222222,2.056430627459248,2.034010628701659,0.0888888888888888,0.4333333333333333,0.4444444444444444,0.1222222222222222
0.8,2.8,regime_orchestrator,13,0.8,5.966666666666667,0.2189814814814814,0.935391535327228,0.9514673923072804,0.7314104277883934,0.0485326076927197,3.351295175965934,4.481781017269549,0.7075280932364829,1.748927181302896,0.4808884263481842,0.0171296296296296,37,0,0.4777777777777778,2.6729890944074475,1.7809943054126252,0.2555555555555555,0.1333333333333333,0.3888888888888889,0.4777777777777778
0.8,2.8,robust_darc,3,0.8,6.0,0.1597222222222222,0.966926398698742,0.9749288535556002,0.8682557107548607,0.0250711464443997,3.417153278678858,5.451648203283594,0.8318092758347433,1.4889284269189458,0.384479007151663,0.0212962962962962,46,0,0.0,2.056430627459248,2.035292103828976,0.0,0.0,1.0,0.0
0.8,2.8,robust_darc,13,0.8,5.966666666666667,0.236574074074074,0.9307788746290409,0.9474705138003664,0.7111767693247683,0.0525294861996336,3.279928791609272,4.578719379867381,0.7079673061956578,1.7831219236979257,0.4838480454678089,0.0180555555555555,39,0,0.0,2.6729890944074475,1.7799548487568326,0.0,0.0,1.0,0.0
0.8,2.8,shield_darc,3,0.8,6.0,0.1569444444444444,0.9677230249338792,0.9757268193987318,0.8743835113004444,0.0242731806012682,3.5037329249103726,5.495999212763609,0.8335574220193517,1.4768868782378848,0.3769352445703176,0.0185185185185185,40,0,0.8333333333333334,2.056430627459248,2.0299784528070224,0.0,0.0,0.0,1.0
0.8,2.8,shield_darc,13,0.8,5.966666666666667,0.2199074074074074,0.9353264047153746,0.951326429886782,0.730575022225644,0.0486735701132179,3.343563066943549,4.470537012223251,0.7043628442949919,1.7515657408297145,0.4829029065652947,0.0171296296296296,37,0,0.9444444444444444,2.6729890944074475,1.7790988816850226,0.0,0.0,0.0,1.0
0.8,2.8,stable_global,3,0.8,6.0,0.09861111111111111,0.9773164428695557,0.9830249181519117,0.9054185758444991,0.016975081848088464,3.331879313357759,5.27421468652692,0.8675059192169171,1.1358006547847077,0.0,0.0018518518518518517,4,0,0.0,2.056430627459248,1.969970890461459,0.0,0.0,0.0,0.0
0.8,2.8,stable_global,13,0.8,6.0,0.21342592592592596,0.9299857682965433,0.9443526147838603,0.6701848911609167,0.055647385216139836,3.048068355852905,5.730457334133231,0.8783729084164725,1.4451790817291188,0.0,0.002777777777777778,6,0,0.0,2.6729890944074475,1.8315546009617036,0.0,0.0,0.0,0.0
3.2,1.2,darc,3,3.2,5.677777777777778,0.2712962962962963,0.918922573775269,0.9335091611298286,0.6989220641177915,0.0664908388701713,2.7467980393530023,4.374102831856803,0.6671853393925146,1.988226422384997,0.6083996152315018,0.0402777777777777,87,0,0.0,5.835750993828569,1.87164898772583,0.0,1.0,0.0,0.0
3.2,1.2,darc,13,3.2,5.311111111111111,0.4013888888888889,0.833000211652359,0.8600199775371883,0.475256147175233,0.1399800224628117,2.1704534509578,4.070684634693465,0.6198096448731847,2.672237682643161,0.7365300039208901,0.0439814814814814,95,0,0.0,6.336117202797068,1.5549987878895732,0.0,1.0,0.0,0.0
3.2,1.2,load_aware,3,3.2,5.311111111111111,0.2398148148148148,0.9357403452229586,0.9489543655592104,0.7941259419879131,0.0510456344407894,3.278442738438762,4.25290587106194,0.7516783542897397,1.849618413188962,0.5883377835501947,0.3712962962962963,802,218,0.0,5.835750993828569,1.7510346503638952,0.0,0.0,0.0,0.0
3.2,1.2,load_aware,13,3.2,5.366666666666666,0.2833333333333333,0.9119964913656428,0.9294049630094908,0.6882953298255361,0.0705950369905089,3.182424639971998,4.436949831028898,0.7491821301519468,1.99543806454271,0.574237024824852,0.3013888888888889,651,187,0.0,6.336117202797068,1.572565948829329,0.0,0.0,0.0,0.0
3.2,1.2,regime_orchestrator,3,3.2,5.277777777777778,0.2944444444444444,0.90096351199406,0.9199945448092052,0.6636341587197033,0.0800054551907946,2.620310869304733,4.367894437818878,0.7189912067435438,2.1251543706709177,0.6468143055260809,0.0435185185185185,94,0,0.8444444444444444,5.835750993828569,1.7936725740764274,0.0777777777777777,0.0111111111111111,0.1444444444444444,0.8444444444444444
3.2,1.2,regime_orchestrator,13,3.2,5.644444444444445,0.3939814814814815,0.8355959018957352,0.8640393861225831,0.4736574830596585,0.1359606138774168,2.147987818753532,4.141371486622183,0.610386798851123,2.61535166709869,0.7035556747724738,0.0439814814814814,95,0,0.9111111111111112,6.336117202797068,1.6803751681948174,0.0333333333333333,0.0,0.0888888888888888,0.9111111111111112
3.2,1.2,robust_darc,3,3.2,5.188888888888889,0.3148148148148148,0.8892351776196609,0.9089139442517916,0.6405852621437735,0.0910860557482082,2.513983787532295,4.323161648984586,0.7103723633353922,2.24332765701758,0.6861856147092185,0.0425925925925925,92,0,0.0,5.835750993828569,1.738527039359001,0.0,0.0,1.0,0.0
3.2,1.2,robust_darc,13,3.2,5.388888888888889,0.4092592592592594,0.8200201872930197,0.8494743186550895,0.4550214898143113,0.1505256813449104,2.08251126237113,3.977711065963635,0.6050420239010551,2.768394915530542,0.7522526196950108,0.0462962962962963,100,0,0.0,6.336117202797068,1.5914960297764496,0.0,0.0,1.0,0.0
3.2,1.2,shield_darc,3,3.2,5.277777777777778,0.2949074074074074,0.9026690204707984,0.9214113605046568,0.6656923622569972,0.0785886394953431,2.6375587853638107,4.387980256643268,0.7192883141711884,2.112212806525572,0.6446715874171031,0.0425925925925925,92,0,0.9777777777777776,5.835750993828569,1.7990502163593107,0.0,0.0,0.0,1.0
3.2,1.2,shield_darc,13,3.2,5.644444444444445,0.3884259259259259,0.8394812672420235,0.8674788554034868,0.4766207932909808,0.1325211445965132,2.1639874257824707,4.175786641484442,0.616385101588131,2.582371079111324,0.6962692297856239,0.0449074074074074,97,0,0.9555555555555556,6.336117202797068,1.6807247232716245,0.0,0.0,0.0,1.0
3.2,1.2,stable_global,3,3.2,6.0,0.09953703703703705,0.9739319516390142,0.9780770061015734,0.8717981399201487,0.021922993898426446,3.1822999063809005,5.8977543225919415,0.8747784634075837,1.1753839511874116,0.0,0.0018518518518518517,4,0,0.0,5.835750993828569,2.0042493168013453,0.0,0.0,0.0,0.0
3.2,1.2,stable_global,13,3.2,6.0,0.1925925925925926,0.9160375179756965,0.9335502792049372,0.584032081556895,0.06644972079506298,2.5787412535423773,5.881985109295032,0.8579896012313077,1.531597766360504,0.0,0.002777777777777778,6,0,0.0,6.336117202797068,1.8250542897467505,0.0,0.0,0.0,0.0
3.2,2.3,darc,3,3.2,5.444444444444445,0.2796296296296296,0.9322857863835872,0.94497263459376,0.7426105656892736,0.05502736540624,2.84766428848903,4.273699930257136,0.6717843630493997,1.905229710403483,0.6200143828714165,0.0375,81,0,0.0,5.835750993828569,1.7992419247507263,0.0,1.0,0.0,0.0
3.2,2.3,darc,13,3.2,5.455555555555556,0.3597222222222222,0.8690945778799974,0.8943007562355922,0.544998131254232,0.1056992437644079,2.5384023118694783,4.145173496722415,0.6754217229117754,2.3302246533948594,0.6461742710394611,0.0444444444444444,96,0,0.0,6.336117202797068,1.6253547155283343,0.0,1.0,0.0,0.0
3.2,2.3,load_aware,3,3.2,5.4,0.2449074074074074,0.940810664837277,0.9535102408371592,0.8009134166406121,0.0464897591628407,3.2677553469749268,4.32026122930288,0.7422427680920602,1.8053248487530649,0.577875700600451,0.3574074074074074,772,230,0.0,5.835750993828569,1.784898416199027,0.0,0.0,0.0,0.0
3.2,2.3,load_aware,13,3.2,5.322222222222222,0.2953703703703703,0.9110774589512584,0.9284238706940564,0.7039664157778533,0.0715761293059435,3.228391242475022,4.472101169038739,0.7842925524127234,1.988736660540472,0.5548368347905641,0.2833333333333334,612,165,0.0,6.336117202797068,1.557635927176455,0.0,0.0,0.0,0.0
3.2,2.3,regime_orchestrator,3,3.2,5.488888888888889,0.2800925925925925,0.9255701895436472,0.9402105178369388,0.7150302126126042,0.0597894821630613,2.827535694448886,4.311367468633147,0.6961022105649746,1.933906420420104,0.6074540841541511,0.0375,81,0,0.8444444444444444,5.835750993828569,1.8801997752533528,0.0666666666666666,0.0333333333333333,0.1222222222222222,0.8444444444444444
3.2,2.3,regime_orchestrator,13,3.2,5.666666666666667,0.3564814814814814,0.8560347263898554,0.8850885301553721,0.5055628363302805,0.1149114698446279,2.3562151609300943,4.290362066399444,0.6274102039172296,2.4120002514165764,0.6569446568794038,0.0453703703703703,98,0,0.9111111111111112,6.336117202797068,1.7219690477502587,0.0777777777777777,0.0222222222222222,0.0666666666666666,0.9111111111111112
3.2,2.3,robust_darc,3,3.2,5.088888888888889,0.2972222222222222,0.9094762316059412,0.9262524032672204,0.6710806311823502,0.0737475967327796,2.6025419604972755,4.252533764050304,0.7394004274923955,2.0921171656591886,0.6695151890626012,0.0388888888888888,84,0,0.0,5.835750993828569,1.699642448653642,0.0,0.0,1.0,0.0
3.2,2.3,robust_darc,13,3.2,5.388888888888889,0.3675925925925926,0.8518350229352135,0.8790743023894751,0.5019745695989195,0.1209256976105249,2.2835399602764856,4.16404802908298,0.6478710589728756,2.48465355690046,0.6896639680216796,0.049537037037037,107,0,0.0,6.336117202797068,1.6166401364276646,0.0,0.0,1.0,0.0
3.2,2.3,shield_darc,3,3.2,5.466666666666667,0.2759259259259258,0.91855655568381,0.934777852104272,0.68734685434198,0.0652221478957279,2.742421974387703,4.364658124178079,0.6952141214491002,1.9861910321931613,0.6192184653697836,0.0388888888888888,84,0,0.9777777777777776,5.835750993828569,1.8698333117797643,0.0,0.0,0.0,1.0
3.2,2.3,shield_darc,13,3.2,5.666666666666667,0.3569444444444444,0.8558388248391727,0.8849311071278498,0.5052952452024609,0.1150688928721501,2.355490247198377,4.290362066399444,0.6272143796022421,2.4138468461652067,0.6577276042506739,0.0453703703703703,98,0,0.9555555555555556,6.336117202797068,1.7218984095935528,0.0,0.0,0.0,1.0
3.2,2.3,stable_global,3,3.2,6.0,0.13101851851851848,0.9654547471608025,0.9720872452983614,0.8272585737197616,0.027912754701638422,3.0049118159181925,5.717313168957449,0.8509426869682254,1.2233020376131074,0.0,0.0018518518518518517,4,0,0.0,5.835750993828569,1.9751733270374643,0.0,0.0,0.0,0.0
3.2,2.3,stable_global,13,3.2,6.0,0.20740740740740743,0.9115299657408035,0.9291239053597047,0.5804465230593246,0.07087609464029523,2.5700568689650876,5.736586314087592,0.8398665321300568,1.567008757122362,0.0,0.002777777777777778,6,0,0.0,6.336117202797068,1.8254910747824595,0.0,0.0,0.0,0.0
3.2,2.8,darc,3,3.2,5.788888888888889,0.2527777777777778,0.9336027222485744,0.9470984488320566,0.7560742134018421,0.0529015511679434,2.937697407678895,4.344193556452849,0.6562143743375638,1.8511795024829865,0.5706227908525854,0.0347222222222222,75,0,0.0,5.835750993828569,1.9225358857902024,0.0,1.0,0.0,0.0
3.2,2.8,darc,13,3.2,5.477777777777778,0.3462962962962962,0.8827581856987081,0.906170101016392,0.5894534328518116,0.0938298989836079,2.670889927378862,4.209483778321613,0.6549576736383866,2.220310876843764,0.6262289132998663,0.0439814814814814,95,0,0.0,6.336117202797068,1.6699051840257375,0.0,1.0,0.0,0.0
3.2,2.8,load_aware,3,3.2,5.433333333333334,0.2407407407407407,0.9455049070823835,0.9567110948372718,0.8153445387282918,0.0432889051627282,3.256179825491864,4.405472922559934,0.731374848695219,1.775135560342231,0.5717657587205399,0.3421296296296296,739,203,0.0,5.835750993828569,1.7905223382312498,0.0,0.0,0.0,0.0
3.2,2.8,load_aware,13,3.2,5.277777777777778,0.2907407407407407,0.913405056034436,0.9299316000345392,0.715386711902509,0.0700683999654606,3.26404185208412,4.48411264400738,0.8085713501396198,1.9749039568210192,0.5524756761297783,0.3,648,191,0.0,6.336117202797068,1.544458173411255,0.0,0.0,0.0,0.0
3.2,2.8,regime_orchestrator,3,3.2,5.466666666666667,0.2736111111111111,0.916433832447258,0.9335678390502592,0.699766995071997,0.0664321609497406,2.7910346717021515,4.309324433482429,0.6838197859376377,1.9971822016214733,0.6209665520313976,0.0388888888888888,84,0,0.8444444444444444,5.835750993828569,1.8311455643394068,0.0666666666666666,0.0333333333333333,0.1222222222222222,0.8444444444444444
3.2,2.8,regime_orchestrator,13,3.2,5.688888888888889,0.3384259259259259,0.8660473447809127,0.8933867325118903,0.5355970186309227,0.1066132674881096,2.455026978022424,4.485304582387582,0.6249315352245952,2.3295857117168133,0.6355727624159142,0.0435185185185185,94,0,0.9111111111111112,6.336117202797068,1.7403249317964675,0.0777777777777777,0.0222222222222222,0.0666666666666666,0.9111111111111112
3.2,2.8,robust_darc,3,3.2,5.433333333333334,0.2800925925925925,0.9079056353361766,0.9270691059017538,0.6642679134997884,0.0729308940982462,2.732729299773574,4.276055157327473,0.6970818887233875,2.058849973116552,0.6338704271074425,0.0379629629629629,82,0,0.0,5.835750993828569,1.8167128911074817,0.0,0.0,1.0,0.0
3.2,2.8,robust_darc,13,3.2,5.477777777777778,0.362037037037037,0.8583420111044153,0.8861221684317613,0.5266134514386627,0.1138778315682386,2.4033539233461223,4.222343989760692,0.6237171400790021,2.4171243018662287,0.6748021990937585,0.049074074074074,106,0,0.0,6.336117202797068,1.676229392330828,0.0,0.0,1.0,0.0
3.2,2.8,shield_darc,3,3.2,5.466666666666667,0.275,0.9149342440807596,0.9325988195325968,0.6955482886910372,0.067401180467403,2.789164340340719,4.280021593629872,0.6844768157858492,2.0066781662691806,0.6232916300399423,0.0398148148148148,86,0,0.9777777777777776,5.835750993828569,1.830797436650472,0.0,0.0,0.0,1.0
3.2,2.8,shield_darc,13,3.2,5.688888888888889,0.3384259259259259,0.8659791456636621,0.8933365591469198,0.5354369168592233,0.1066634408530801,2.4551999420137154,4.487823912567619,0.6251916171730214,2.330252638377459,0.6359268154037575,0.0435185185185185,94,0,0.9555555555555556,6.336117202797068,1.7402435838236865,0.0,0.0,0.0,1.0
3.2,2.8,stable_global,3,3.2,6.0,0.1425925925925926,0.9610644011420201,0.9683291745431016,0.8071044332849239,0.03167082545689833,2.906398572345032,5.652307332500217,0.8366517942759201,1.253366603655187,0.0,0.0018518518518518517,4,0,0.0,5.835750993828569,1.9643131866655497,0.0,0.0,0.0,0.0
3.2,2.8,stable_global,13,3.2,6.0,0.2166666666666667,0.9097735661830574,0.9272010216968001,0.5763872822722425,0.07279897830319976,2.5624498790516914,5.758428492301797,0.8351574395939585,1.582391826425598,0.0,0.002777777777777778,6,0,0.0,6.336117202797068,1.8232901910525086,0.0,0.0,0.0,0.0
