policy,seed,disturbance_sigma,mean_throughput,mean_outage,served_demand_fraction,mean_satisfaction,p05_satisfaction,mean_shortfall_fraction,p05_throughput,median_throughput,mean_jain,mean_latency_proxy,mean_load_cv,mean_handover_rate,total_handovers,pingpong_events,mean_shield_mode,mean_shock_index,mean_reward,mean_regime_switches,mean_mode_darc,mean_mode_robust,mean_mode_shield,model,planner_pathloss_exp,planner_snr_bias_db,planner_rate_scale,planner_rate_mae_vs_oracle,planner_rate_mae_pct_vs_oracle
load_aware_reference,3,2.1,5.841666666666667,0.19236111111111112,0.9610276418967103,0.9693151440637552,0.8360384456607393,0.030684855936244725,3.5944131305959997,4.993620266374184,0.7984408440299942,1.5639424789592737,0.42461817529242113,0.27673611111111107,797,250,0.0,4.260197801161898,1.8290174153458356,0.0,0.0,0.0,0.0,load_aware_reference,,,,,
load_aware_reference,7,2.1,5.7,0.2190972222222222,0.9481562065383246,0.9593277118868012,0.8221576626823808,0.04067228811319888,3.712119772186877,4.746572480100299,0.7775667129184488,1.665508295106765,0.45350665360156533,0.2545138888888889,733,206,0.0,4.629994569779565,1.7294771015967607,0.0,0.0,0.0,0.0,load_aware_reference,,,,,
load_aware_reference,13,2.1,5.591666666666667,0.29340277777777773,0.9224262391023716,0.9360040408532321,0.7288930681729424,0.06399595914676791,3.402505512112742,4.821186746903245,0.812228287272865,1.8594333032804966,0.46328750680847114,0.22430555555555556,646,199,0.0,4.962298022481247,1.54965690365811,0.0,0.0,0.0,0.0,load_aware_reference,,,,,
load_aware_reference,19,2.1,5.591666666666667,0.27534722222222224,0.9361214162967737,0.9520760504152925,0.7769964013028527,0.04792394958470741,3.737584921741823,4.699092203743553,0.813503735151814,1.724462886411517,0.45476171964514384,0.303125,873,295,0.0,4.461887995175503,1.7468435724187046,0.0,0.0,0.0,0.0,load_aware_reference,,,,,
load_aware_reference,29,2.1,5.825,0.215625,0.9505430470907645,0.9630660546447276,0.8106015480073838,0.03693394535527253,3.721069189917134,4.841684544064413,0.7815822215925808,1.6178351649138603,0.4298181360955732,0.27291666666666664,786,266,0.0,4.779775497780118,1.89941822497666,0.0,0.0,0.0,0.0,load_aware_reference,,,,,
load_aware_reference,31,2.1,5.633333333333334,0.2965277777777778,0.9003222260443755,0.9291299529070459,0.6814780035726797,0.07087004709295414,3.101645128910467,4.296545119699423,0.6832419153810194,1.9979899676280868,0.5747061211792714,0.19027777777777777,548,161,0.0,4.9092881302133256,1.97789925409972,0.0,0.0,0.0,0.0,load_aware_reference,,,,,
load_aware_reference,37,2.1,5.816666666666666,0.19687499999999997,0.9467701693406171,0.9591450356368872,0.8007879464933277,0.04085496436311269,3.9197756496045204,5.323262071165148,0.856285998672343,1.595670328832744,0.3584408185704569,0.2392361111111111,689,227,0.0,4.378491659937453,1.836577656485919,0.0,0.0,0.0,0.0,load_aware_reference,,,,,
stable_global,3,2.1,6.0,0.14930555555555552,0.9645670858886951,0.9719999509861866,0.8312193450023694,0.028000049013813286,3.349704699255145,5.9367774960946464,0.9134249170204856,1.2240003921105063,0.0,0.0027777777777777775,8,0,0.0,4.260197801161898,1.8827720854685046,0.0,0.0,0.0,0.0,mild_mismatch,2.45,-0.5,7.9,2.978831990760157,20.281675001593495
stable_global,7,2.1,6.0,0.18159722222222222,0.9302345278216865,0.9431931386654729,0.7326086566508514,0.05680686133452709,3.0880845826406245,5.7346968877862246,0.8621059338498592,1.4544548906762167,0.0,0.0013888888888888887,4,0,0.0,4.629994569779565,1.8786157964578047,0.0,0.0,0.0,0.0,mild_mismatch,2.45,-0.5,7.9,2.907876592866526,20.535420949875494
stable_global,13,2.1,6.0,0.2888888888888889,0.8971688972832863,0.9059553738559584,0.541933946764942,0.0940446261440416,2.0816512501037736,5.387625329282838,0.7961344468851116,1.7523570091523328,0.0,0.0010416666666666667,3,0,0.0,4.962298022481247,1.624334651533522,0.0,0.0,0.0,0.0,mild_mismatch,2.45,-0.5,7.9,2.8959107285269075,20.31506076656641
stable_global,19,2.1,6.0,0.20381944444444447,0.9335149346730571,0.9472848431017212,0.71012949457467,0.05271515689827878,3.129422392500484,6.005240067562058,0.8982171789014278,1.4217212551862304,0.0,0.0020833333333333333,6,0,0.0,4.461887995175503,1.8979080279044527,0.0,0.0,0.0,0.0,mild_mismatch,2.45,-0.5,7.9,2.9499714638695833,20.015352241126603
stable_global,29,2.1,6.0,0.16736111111111113,0.9608340139389793,0.9691017727678933,0.8172396091692448,0.030898227232106654,3.4993437539049705,5.767517548225845,0.9066659401995856,1.2471858178568531,0.0,0.0013888888888888887,4,0,0.0,4.779775497780118,1.9312152630690538,0.0,0.0,0.0,0.0,mild_mismatch,2.45,-0.5,7.9,2.9856544423157043,20.305103607428347
stable_global,31,2.1,6.0,0.153125,0.9543580969592285,0.960046635894236,0.7501441238446495,0.03995336410576393,2.5612295607351245,5.933042362832631,0.8368582556674908,1.3196269128461113,0.0,0.0013888888888888887,4,0,0.0,4.9092881302133256,2.0562452960693425,0.0,0.0,0.0,0.0,mild_mismatch,2.45,-0.5,7.9,2.905878259589143,20.40868405364055
stable_global,37,2.1,6.0,0.13541666666666666,0.9404973715120571,0.9572280768667142,0.743677310349591,0.042771923133285775,3.3759028660610246,5.9061599415458,0.9076784531793591,1.3421753850662863,0.0,0.0017361111111111112,5,0,0.0,4.378491659937453,1.8855807135668323,0.0,0.0,0.0,0.0,mild_mismatch,2.45,-0.5,7.9,2.9265115205965553,19.803381015296207
stable_global,3,2.1,6.0,0.14930555555555552,0.9645670858886951,0.9719999509861866,0.8312193450023694,0.028000049013813286,3.349704699255145,5.9367774960946464,0.9134249170204856,1.2240003921105063,0.0,0.0027777777777777775,8,0,0.0,4.260197801161898,1.8827720854685046,0.0,0.0,0.0,0.0,moderate_mismatch,2.5,-0.75,7.8,4.223884805518141,28.75874139106003
stable_global,7,2.1,6.0,0.18159722222222222,0.9302345278216865,0.9431931386654729,0.7326086566508514,0.05680686133452709,3.0880845826406245,5.7346968877862246,0.8621059338498592,1.4544548906762167,0.0,0.0013888888888888887,4,0,0.0,4.629994569779565,1.8786157964578047,0.0,0.0,0.0,0.0,moderate_mismatch,2.5,-0.75,7.8,4.118874660940603,29.087487828639564
stable_global,13,2.1,6.0,0.2888888888888889,0.8971688972832863,0.9059553738559584,0.541933946764942,0.0940446261440416,2.0816512501037736,5.387625329282838,0.7961344468851116,1.7523570091523328,0.0,0.0010416666666666667,3,0,0.0,4.962298022481247,1.624334651533522,0.0,0.0,0.0,0.0,moderate_mismatch,2.5,-0.75,7.8,4.099746505080897,28.76007141995117
stable_global,19,2.1,6.0,0.20381944444444447,0.9335149346730571,0.9472848431017212,0.71012949457467,0.05271515689827878,3.129422392500484,6.005240067562058,0.8982171789014278,1.4217212551862304,0.0,0.0020833333333333333,6,0,0.0,4.461887995175503,1.8979080279044527,0.0,0.0,0.0,0.0,moderate_mismatch,2.5,-0.75,7.8,4.17701480033168,28.340756366290663
stable_global,29,2.1,6.0,0.16736111111111113,0.9608340139389793,0.9691017727678933,0.8172396091692448,0.030898227232106654,3.4993437539049705,5.767517548225845,0.9066659401995856,1.2471858178568531,0.0,0.0013888888888888887,4,0,0.0,4.779775497780118,1.9312152630690538,0.0,0.0,0.0,0.0,moderate_mismatch,2.5,-0.75,7.8,4.231478287563811,28.77781293903716
stable_global,31,2.1,6.0,0.153125,0.9543580969592285,0.960046635894236,0.7501441238446495,0.03995336410576393,2.5612295607351245,5.933042362832631,0.8368582556674908,1.3196269128461113,0.0,0.0013888888888888887,4,0,0.0,4.9092881302133256,2.0562452960693425,0.0,0.0,0.0,0.0,moderate_mismatch,2.5,-0.75,7.8,4.124275047099823,28.965778627792396
stable_global,37,2.1,6.0,0.13541666666666666,0.9404973715120571,0.9572280768667142,0.743677310349591,0.042771923133285775,3.3759028660610246,5.9061599415458,0.9076784531793591,1.3421753850662863,0.0,0.0017361111111111112,5,0,0.0,4.378491659937453,1.8855807135668323,0.0,0.0,0.0,0.0,moderate_mismatch,2.5,-0.75,7.8,4.155389179038814,28.11906073158734
stable_global_oracle,3,2.1,6.0,0.14930555555555552,0.9645670858886951,0.9719999509861866,0.8312193450023694,0.028000049013813286,3.349704699255145,5.9367774960946464,0.9134249170204856,1.2240003921105063,0.0,0.0027777777777777775,8,0,0.0,4.260197801161898,1.8827720854685046,0.0,0.0,0.0,0.0,oracle,2.6,0.0,7.6,0.0,0.0
stable_global_oracle,7,2.1,6.0,0.18159722222222222,0.9302345278216865,0.9431931386654729,0.7326086566508514,0.05680686133452709,3.0880845826406245,5.7346968877862246,0.8621059338498592,1.4544548906762167,0.0,0.0013888888888888887,4,0,0.0,4.629994569779565,1.8786157964578047,0.0,0.0,0.0,0.0,oracle,2.6,0.0,7.6,0.0,0.0
stable_global_oracle,13,2.1,6.0,0.2888888888888889,0.8971688972832863,0.9059553738559584,0.541933946764942,0.0940446261440416,2.0816512501037736,5.387625329282838,0.7961344468851116,1.7523570091523328,0.0,0.0010416666666666667,3,0,0.0,4.962298022481247,1.624334651533522,0.0,0.0,0.0,0.0,oracle,2.6,0.0,7.6,0.0,0.0
stable_global_oracle,19,2.1,6.0,0.20381944444444447,0.9335149346730571,0.9472848431017212,0.71012949457467,0.05271515689827878,3.129422392500484,6.005240067562058,0.8982171789014278,1.4217212551862304,0.0,0.0020833333333333333,6,0,0.0,4.461887995175503,1.8979080279044527,0.0,0.0,0.0,0.0,oracle,2.6,0.0,7.6,0.0,0.0
stable_global_oracle,29,2.1,6.0,0.16736111111111113,0.9608340139389793,0.9691017727678933,0.8172396091692448,0.030898227232106654,3.4993437539049705,5.767517548225845,0.9066659401995856,1.2471858178568531,0.0,0.0013888888888888887,4,0,0.0,4.779775497780118,1.9312152630690538,0.0,0.0,0.0,0.0,oracle,2.6,0.0,7.6,0.0,0.0
stable_global_oracle,31,2.1,6.0,0.153125,0.9543580969592285,0.960046635894236,0.7501441238446495,0.03995336410576393,2.5612295607351245,5.933042362832631,0.8368582556674908,1.3196269128461113,0.0,0.0013888888888888887,4,0,0.0,4.9092881302133256,2.0562452960693425,0.0,0.0,0.0,0.0,oracle,2.6,0.0,7.6,0.0,0.0
stable_global_oracle,37,2.1,6.0,0.13541666666666666,0.9404973715120571,0.9572280768667142,0.743677310349591,0.042771923133285775,3.3759028660610246,5.9061599415458,0.9076784531793591,1.3421753850662863,0.0,0.0017361111111111112,5,0,0.0,4.378491659937453,1.8855807135668323,0.0,0.0,0.0,0.0,oracle,2.6,0.0,7.6,0.0,0.0
stable_global,3,2.1,6.0,0.14930555555555552,0.9645670858886951,0.9719999509861866,0.8312193450023694,0.028000049013813286,3.349704699255145,5.9367774960946464,0.9134249170204856,1.2240003921105063,0.0,0.0027777777777777775,8,0,0.0,4.260197801161898,1.8827720854685046,0.0,0.0,0.0,0.0,strong_mismatch,2.6,-1.2,7.6,6.42456509096731,43.742292820056264
stable_global,7,2.1,6.0,0.18159722222222222,0.9302345278216865,0.9431931386654729,0.7326086566508514,0.05680686133452709,3.0880845826406245,5.7346968877862246,0.8621059338498592,1.4544548906762167,0.0,0.0013888888888888887,4,0,0.0,4.629994569779565,1.8786157964578047,0.0,0.0,0.0,0.0,strong_mismatch,2.6,-1.2,7.6,6.23833942837202,44.055145429517644
stable_global,13,2.1,6.0,0.2888888888888889,0.8971688972832863,0.9059553738559584,0.541933946764942,0.0940446261440416,2.0816512501037736,5.387625329282838,0.7961344468851116,1.7523570091523328,0.0,0.0010416666666666667,3,0,0.0,4.962298022481247,1.624334651533522,0.0,0.0,0.0,0.0,strong_mismatch,2.6,-1.2,7.6,6.247468388064812,43.82652361846108
stable_global,19,2.1,6.0,0.20381944444444447,0.9335149346730571,0.9472848431017212,0.71012949457467,0.05271515689827878,3.129422392500484,6.005240067562058,0.8982171789014278,1.4217212551862304,0.0,0.0020833333333333333,6,0,0.0,4.461887995175503,1.8979080279044527,0.0,0.0,0.0,0.0,strong_mismatch,2.6,-1.2,7.6,6.374418113289535,43.249985782014406
stable_global,29,2.1,6.0,0.1888888888888889,0.9541226784175639,0.9644056541514147,0.8148428796006109,0.03559434584858541,3.5392978585751442,5.665576460801748,0.8914039018089244,1.2847547667886834,0.0,0.0013888888888888887,4,0,0.0,4.779775497780118,1.9220404220822218,0.0,0.0,0.0,0.0,strong_mismatch,2.6,-1.2,7.6,6.441271984402617,43.80637395715429
stable_global,31,2.1,6.0,0.153125,0.9543580969592285,0.960046635894236,0.7501441238446495,0.03995336410576393,2.5612295607351245,5.933042362832631,0.8368582556674908,1.3196269128461113,0.0,0.0013888888888888887,4,0,0.0,4.9092881302133256,2.0562452960693425,0.0,0.0,0.0,0.0,strong_mismatch,2.6,-1.2,7.6,6.26612234681757,44.00848892951821
stable_global,37,2.1,6.0,0.13541666666666666,0.9404973715120571,0.9572280768667142,0.743677310349591,0.042771923133285775,3.3759028660610246,5.9061599415458,0.9076784531793591,1.3421753850662863,0.0,0.0017361111111111112,5,0,0.0,4.378491659937453,1.8855807135668323,0.0,0.0,0.0,0.0,strong_mismatch,2.6,-1.2,7.6,6.349548336919692,42.96669399935559
