policy,mean_runtime_sec,std_runtime_sec,runtime_ms_per_step,runtime_ms_per_user_step,repeats,steps
hysteresis,0.0633869966666983,0.0035087720177726,0.5282249722224858,0.0220093738426035,3,180
rssi,0.0636255493333616,0.0111938845733531,0.5302129111113472,0.0220922046296394,3,180
ttt_handover,0.0936668839999583,0.0218051486767896,0.7805573666663198,0.0325232236110966,3,180
load_aware,0.2981803000000127,0.0395970764078894,2.4848358333334395,0.1035348263888933,3,180
q_learning,0.3868132470000394,0.011436570070634,3.2234437250003287,0.134310155208347,3,180
darc,0.6901686046666479,0.0036668867135957,5.751405038888732,0.2396418766203638,3,180
robust_darc,0.6925967583333659,0.0131213397149287,5.771639652778049,0.2404849855324187,3,180
darc_no_obs,0.6988381929999529,0.0045681436586343,5.82365160833294,0.2426521503472058,3,180
stable_global,0.7110743123334942,0.022149478106594598,3.9504128462971897,0.1646005352623829,3,180
shield_darc,0.7208786096665941,0.0209720481985783,6.007321747221618,0.2503050728009007,3,180
regime_orchestrator,0.7399064923333754,0.0487485495601205,6.165887436111461,0.2569119765046442,3,180
